condition_index,c0,c1,c2,method,estimate,std_error,normalized_ess,error,absolute_error,evaluations,covered_95,seconds,q_value
0,0.16572770942002535,0.8689608341082931,0.7038161791861057,nf_pure,0.999691731415745,0.0015231898222670813,0.301065320052482,-0.0003082685842550337,0.0003082685842550337,1000000,True,9.848707315977663,
0,0.16572770942002535,0.8689608341082931,0.7038161791861057,vegas,3.4261410890663097e-12,2.8586901598794166e-12,,-0.9999999999965739,0.9999999999965739,995089,False,2.121182028000476,0.46962927326586845
1,0.7935641743242741,0.055245254188776016,0.47532615903764963,nf_pure,0.9973771006798494,0.0010526339578100245,0.4730651502135683,-0.0026228993201505846,0.0026228993201505846,1000000,False,9.396464730001753,
1,0.7935641743242741,0.055245254188776016,0.47532615903764963,vegas,3.4632054058162085e-12,3.3089952128773848e-12,,-0.9999999999965368,0.9999999999965368,995099,False,2.3168077199952677,0.3629245511888852
2,0.5258547337725759,0.7275742506608367,0.7761683827266097,nf_pure,1.0010034685708933,0.0006923825095161993,0.6763918864674822,0.0010034685708932845,0.0010034685708932845,1000000,True,9.357907873985823,
2,0.5258547337725759,0.7275742506608367,0.7761683827266097,vegas,1.3663836771765657e-08,1.2575960880760337e-08,,-0.9999999863361633,0.9999999863361633,994992,False,2.105441781983245,0.3701432474678005
3,0.40558328852057457,0.4143517203629017,0.04372102953493595,nf_pure,1.0002326038230285,0.0007592030788500185,0.6344689463078212,0.0002326038230284766,0.0002326038230284766,1000000,True,9.375313614989864,
3,0.40558328852057457,0.4143517203629017,0.04372102953493595,vegas,6.102276935480703e-13,6.101928872828954e-13,,-0.9999999999993898,0.9999999999993898,995065,False,2.137375799007714,0.43724130385691784
4,0.2863879883661866,0.5358744794502854,0.26311852037906647,nf_pure,0.9994445578949971,0.0009939241793007795,0.5027693502729526,-0.0005554421050029124,0.0005554421050029124,1000000,True,9.373260582011426,
4,0.2863879883661866,0.5358744794502854,0.26311852037906647,vegas,4.870442437969534e-15,4.854053597967445e-15,,-0.9999999999999951,0.9999999999999951,995068,False,2.1718581230088603,0.437869937915765
5,0.6566560938954353,0.3496043626219034,0.55798399168998,nf_pure,1.0000143519483289,0.0005140102141238889,0.7910147579188203,1.4351948328883424e-05,1.4351948328883424e-05,1000000,True,9.392095878982218,
5,0.6566560938954353,0.3496043626219034,0.55798399168998,vegas,3.2709829308972885e-09,3.2472089967491865e-09,,-0.9999999967290171,0.9999999967290171,995079,False,2.1334687150083482,0.43863191877486385
6,0.8970329025760293,0.9261689269915223,0.1943974969908595,nf_pure,0.9987014549378516,0.0009704630577491115,0.5143373451752159,-0.0012985450621484373,0.0012985450621484373,1000000,True,9.365693204017589,
6,0.8970329025760293,0.9261689269915223,0.1943974969908595,vegas,3.1557216304069293e-11,3.155638875633481e-11,,-0.9999999999684428,0.9999999999684428,995094,False,2.161599068000214,0.4372795839698026
7,0.019193097949028015,0.23940766789019108,0.9854696672409773,nf_pure,1.0045263192764884,0.006030552333858884,0.02699743135048873,0.004526319276488389,0.004526319276488389,1000000,True,9.352523182024015,
7,0.019193097949028015,0.23940766789019108,0.9854696672409773,vegas,3.7967117848174675e-12,3.2069881139382433e-12,,-0.9999999999962033,0.9999999999962033,995076,False,2.140296401019441,0.4746894660717532
8,0.0951273925602436,0.639608851633966,0.12511032354086637,nf_pure,0.999218808350255,0.0010002919984540405,0.49946327382128963,-0.0007811916497449944,0.0007811916497449944,1000000,True,9.38371042200015,
8,0.0951273925602436,0.639608851633966,0.12511032354086637,vegas,1.5840722691422545e-12,1.5840024711976912e-12,,-0.9999999999984159,0.9999999999984159,995101,False,2.167141209996771,0.4372829278400435
9,0.9729061620309949,0.45284830406308174,0.9278039541095495,nf_pure,0.9966506605721566,0.0007915266844060529,0.6132213625263867,-0.003349339427843434,0.003349339427843434,1000000,False,9.37844119098736,
9,0.9729061620309949,0.45284830406308174,0.9278039541095495,vegas,3.071479993547999e-10,2.6163999777874676e-10,,-0.999999999692852,0.999999999692852,995019,False,2.317042323993519,0.4642734530784932
10,0.705704640597105,0.7794665163382888,0.3226403221487999,nf_pure,0.9992468719704568,0.0006654961559894145,0.6927352230248707,-0.000753128029543193,0.000753128029543193,1000000,True,9.360544983996078,
10,0.705704640597105,0.7794665163382888,0.3226403221487999,vegas,6.389061537168724e-12,4.207601181203056e-12,,-0.9999999999936109,0.9999999999936109,995096,False,2.1096530299982987,0.5618860628916666
11,0.3354975702241063,0.09319520369172096,0.6215093033388257,nf_pure,1.0010425184451717,0.0012202791343867648,0.40225565257568496,0.0010425184451716696,0.0010425184451716696,1000000,True,9.357626551005524,
11,0.3354975702241063,0.09319520369172096,0.6215093033388257,vegas,1.3120022263146676e-09,1.3100366617203441e-09,,-0.9999999986879978,0.9999999986879978,995091,False,2.1085629269946367,0.43755204452197116
12,0.4820535406470299,0.956638433970511,0.8415800770744681,nf_pure,1.00144242069158,0.0009295592942276123,0.5371743074409074,0.0014424206915799598,0.0014424206915799598,1000000,True,9.35448498398182,
12,0.4820535406470299,0.956638433970511,0.8415800770744681,vegas,7.736469502483333e-07,7.734206928399748e-07,,-0.9999992263530497,0.9999992263530497,995023,False,2.123777375993086,0.4373254498573952
13,0.6022639507427812,0.14341709949076176,0.10526269860565662,nf_pure,1.0000126143146562,0.0005571860324362582,0.7630975531469337,1.2614314656156367e-05,1.2614314656156367e-05,1000000,True,9.374804690014571,
13,0.6022639507427812,0.14341709949076176,0.10526269860565662,vegas,3.4441299061035918e-15,3.034678969784971e-15,,-0.9999999999999966,0.9999999999999966,995100,False,2.1356962799909525,0.46427604384274035
14,0.8421110808849335,0.5656771892681718,0.6481703631579876,nf_pure,1.0008576554227013,0.0023942196918087543,0.14875489375009326,0.0008576554227013311,0.0008576554227013311,1000000,True,9.355285074008862,
14,0.8421110808849335,0.5656771892681718,0.6481703631579876,vegas,6.845699239469055e-14,5.961802889629466e-14,,-0.9999999999999315,0.9999999999999315,995072,False,2.1165250060148537,0.46500466481838953
15,0.21433565113693476,0.25196089781820774,0.40792533848434687,nf_pure,0.9968314669511216,0.0008812709399343191,0.5612983960477655,-0.0031685330488784302,0.0031685330488784302,1000000,False,9.367501104978146,
15,0.21433565113693476,0.25196089781820774,0.40792533848434687,vegas,9.75948400230051e-13,8.244967078163825e-13,,-0.999999999999024,0.999999999999024,995071,False,2.118788941006642,0.47414573804113136
16,0.24925926886498928,0.6003871727734804,0.8813717188313603,nf_pure,0.9965650307591066,0.0008429341083541499,0.5829392806743656,-0.0034349692408933707,0.0034349692408933707,1000000,False,9.393503605009755,
16,0.24925926886498928,0.6003871727734804,0.8813717188313603,vegas,1.2913507052055867e-09,7.119042192546136e-10,,-0.9999999987086493,0.9999999987086493,995021,False,2.1030579259968363,0.535470347668972
17,0.8692217236384749,0.2886087456718087,0.17239606380462646,nf_pure,0.9985777721148995,0.0008321400365510052,0.5901686470978657,-0.001422227885100491,0.001422227885100491,1000000,True,9.366736616007984,
17,0.8692217236384749,0.2886087456718087,0.17239606380462646,vegas,1.0111225052789561e-15,6.749609929710264e-16,,-0.999999999999999,0.999999999999999,995071,False,2.1145659039902966,0.48014247706811897
18,0.5751380603760481,0.9903030712157488,0.5751671325415373,nf_pure,1.0000737158043378,0.0006483456201655784,0.7040815227052006,7.371580433779279e-05,7.371580433779279e-05,1000000,True,9.374128091993043,
18,0.5751380603760481,0.9903030712157488,0.5751671325415373,vegas,5.8759950760080756e-08,5.8759719858641796e-08,,-0.9999999412400492,0.9999999412400492,995075,False,2.0991737520089373,0.43727554426020776
19,0.44711467530578375,0.17901960108429193,0.3700801460072398,nf_pure,1.0014146874119025,0.000955329376230787,0.5235389812881841,0.0014146874119025377,0.0014146874119025377,1000000,True,9.353006977005862,
19,0.44711467530578375,0.17901960108429193,0.3700801460072398,vegas,2.7525949738990474e-12,2.5347271478343454e-12,,-0.9999999999972474,0.9999999999972474,995103,False,2.1235221240203828,0.3889687150132951
20,0.36308170296251774,0.8082561008632183,0.08922409359365702,nf_pure,1.0032979349327618,0.002728452815482671,0.11911009578439802,0.003297934932761759,0.003297934932761759,1000000,True,9.363184674992226,
20,0.36308170296251774,0.8082561008632183,0.08922409359365702,vegas,2.6682804082766757e-15,2.665329987665933e-15,,-0.9999999999999973,0.9999999999999973,995082,False,2.1728826140169986,0.4374792758244975
21,0.7411007983610034,0.12001641001552343,0.8567632623016834,nf_pure,1.0002771583256787,0.0007979195094634693,0.6111263731657637,0.0002771583256786503,0.0002771583256786503,1000000,True,9.386048989981646,
21,0.7411007983610034,0.12001641001552343,0.8567632623016834,vegas,2.8179648994001506e-10,1.8718504304824737e-10,,-0.9999999997182035,0.9999999997182035,995030,False,2.1228511959780008,0.558347477242559
22,0.9375252593308687,0.6674751602113247,0.39173647202551365,nf_pure,0.9990101863035855,0.0013308474291746251,0.36040369723563354,-0.0009898136964144877,0.0009898136964144877,1000000,True,9.377718492993154,
22,0.9375252593308687,0.6674751602113247,0.39173647202551365,vegas,4.1999855721148515e-11,3.1221873788194135e-11,,-0.9999999999580002,0.9999999999580002,995082,False,2.1489422879822087,0.5150755259987034
23,0.06755851488560438,0.4787462344393134,0.6632596766576171,nf_pure,0.9967333950499501,0.0008104399014742063,0.6020016381316653,-0.003266604950049934,0.003266604950049934,1000000,False,9.374301884003216,
23,0.06755851488560438,0.4787462344393134,0.6632596766576171,vegas,2.1564391826254507e-09,2.156437900406903e-09,,-0.9999999978435609,0.9999999978435609,995078,False,2.1607419089996256,0.43727492825610514
24,0.054566494189202785,0.8925119061022997,0.4591658879071474,nf_pure,0.9987048491047016,0.0016889701346812873,0.25906577071770137,-0.0012951508952984137,0.0012951508952984137,1000000,True,9.346107596997172,
24,0.054566494189202785,0.8925119061022997,0.4591658879071474,vegas,1.7738868987083993e-14,1.1945584280648657e-14,,-0.9999999999999822,0.9999999999999822,995043,False,2.1374586999882013,0.55350439228125
25,0.9245942737907171,0.2037822613492608,0.7188768973574042,nf_pure,0.9979782583373956,0.0010374072349791442,0.4806355179299845,-0.0020217416626043816,0.0020217416626043816,1000000,True,9.363397056993563,
25,0.9245942737907171,0.2037822613492608,0.7188768973574042,vegas,0.0009831482859631662,0.0009831472891304689,,-0.9990168517140369,0.9990168517140369,995050,False,2.170456766994903,0.43727499917849755
26,0.6290794750675559,0.5011873710900545,0.027653799392282963,nf_pure,0.9989690010326163,0.0005330984527095401,0.7783428437828365,-0.0010309989673836784,0.0010309989673836784,1000000,True,9.36343351798132,
26,0.6290794750675559,0.5011873710900545,0.027653799392282963,vegas,7.660292253099013e-16,6.913139709363145e-16,,-0.9999999999999992,0.9999999999999992,995091,False,2.1502149820153136,0.4585520392953596
27,0.25099934451282024,0.31294886860996485,0.7913801930844784,nf_pure,0.9969678663884457,0.0007585957560943005,0.6333229534530656,-0.0030321336115542996,0.0030321336115542996,1000000,False,9.376588720013388,
27,0.25099934451282024,0.31294886860996485,0.7913801930844784,vegas,2.2031934620799626e-07,2.2025619690248042e-07,,-0.9999997796806538,0.9999997796806538,995087,False,2.145685871015303,0.437324896682978
28,0.43270167242735624,0.699715580791235,0.5116742309182882,nf_pure,0.9990071693852907,0.0006605522337099327,0.6957988616061085,-0.000992830614709339,0.000992830614709339,1000000,True,9.34186198801035,
28,0.43270167242735624,0.699715580791235,0.5116742309182882,vegas,5.752558003659286e-07,5.751935193199228e-07,,-0.9999994247441997,0.9999994247441997,995075,False,2.115923628996825,0.43713027316524233
29,0.5607860926538706,0.3884309222921729,0.31052593421190977,nf_pure,1.0002435893739312,0.0005370838124067902,0.7762055482192624,0.00024358937393120783,0.00024358937393120783,1000000,True,9.368198592972476,
29,0.5607860926538706,0.3884309222921729,0.31052593421190977,vegas,6.059195962929247e-11,4.735695532184845e-11,,-0.999999999939408,0.999999999939408,995099,False,2.1522788139991462,0.49802459088565787
30,0.7586480705067515,0.840194147080183,0.9390049921348691,nf_pure,1.0000131904834542,0.000992902916541283,0.5035677284214382,1.319048345416185e-05,1.319048345416185e-05,1000000,True,9.371846995985834,
30,0.7586480705067515,0.840194147080183,0.9390049921348691,vegas,1.1254181398471114e-09,1.1219082595801122e-09,,-0.9999999988745819,0.9999999988745819,995022,False,2.2850732959923334,0.43656987773970857
31,0.13862458057701588,0.028416438959538937,0.2417156770825386,nf_pure,1.0028742632510104,0.00496900816898655,0.03913938031786542,0.002874263251010367,0.002874263251010367,1000000,True,9.378229689988075,
31,0.13862458057701588,0.028416438959538937,0.2417156770825386,vegas,3.0569759125941827e-13,3.0567922951970666e-13,,-0.9999999999996944,0.9999999999996944,995101,False,2.302629972982686,0.43717778982772815
32,0.14216652140021324,0.7345068631693721,0.34360490180552006,nf_pure,1.0003463481300143,0.0030140277152245357,0.09922531195578894,0.00034634813001432896,0.00034634813001432896,1000000,True,9.377760174014838,
32,0.14216652140021324,0.7345068631693721,0.34360490180552006,vegas,1.2581576515056037e-15,1.2447332802329453e-15,,-0.9999999999999988,0.9999999999999988,995020,False,2.209866927994881,0.43923540660278093
33,0.7702504666522145,0.42321957647800446,0.6033597057685256,nf_pure,1.0000327163831306,0.0011148728409509378,0.44585927951397625,3.2716383130626525e-05,3.2716383130626525e-05,1000000,True,9.409788794000633,
33,0.7702504666522145,0.42321957647800446,0.6033597057685256,vegas,5.253342477685247e-12,4.737200133303385e-12,,-0.9999999999947466,0.9999999999947466,995097,False,2.2175892230006866,0.45866325619720816
34,0.5335434414446354,0.8447092501446605,0.14614541176706553,nf_pure,0.9996213763479181,0.0005603293742098777,0.7609151982792844,-0.00037862365208185533,0.00037862365208185533,1000000,True,9.371680654003285,
34,0.5335434414446354,0.8447092501446605,0.14614541176706553,vegas,2.7737734645818574e-15,2.3691239096079265e-15,,-0.9999999999999972,0.9999999999999972,995084,False,2.2080269870057236,0.4712747097679415
35,0.4135194765403867,0.03293463587760925,0.9098279811441898,nf_pure,0.9993607491128287,0.0008736085350971469,0.5668392622324285,-0.0006392508871713165,0.0006392508871713165,1000000,True,9.375488436984597,
35,0.4135194765403867,0.03293463587760925,0.9098279811441898,vegas,1.015692193717048e-06,7.556034228508883e-07,,-0.9999989843078063,0.9999989843078063,994990,False,2.27224533399567,0.36614008338945847
36,0.2786959856748581,0.9192429902032018,0.626961586996913,nf_pure,0.9988845407162171,0.0010918160692433199,0.45563770524757885,-0.0011154592837828714,0.0011154592837828714,1000000,True,9.381991172995185,
36,0.2786959856748581,0.9192429902032018,0.626961586996913,vegas,3.745718312765113e-10,3.009626205285458e-10,,-0.9999999996254282,0.9999999996254282,995095,False,2.31776286099921,0.48935432300618653
37,0.6487232903018594,0.23051787726581097,0.42583038192242384,nf_pure,0.9997302023257939,0.0005392869472128462,0.7746008950839126,-0.0002697976742060959,0.0002697976742060959,1000000,True,9.379197260015644,
37,0.6487232903018594,0.23051787726581097,0.42583038192242384,vegas,7.917773137342655e-11,5.580500092497238e-11,,-0.9999999999208222,0.9999999999208222,995099,False,2.2496622809849214,0.5327459677324279
38,0.9205907061696053,0.5601499052718282,0.8207889469340444,nf_pure,1.0018810003393162,0.0029608780516306023,0.10273362932453464,0.0018810003393161523,0.0018810003393161523,1000000,True,9.396307108021574,
38,0.9205907061696053,0.5601499052718282,0.8207889469340444,vegas,2.1516976754281508e-11,2.0671612798186253e-11,,-0.999999999978483,0.999999999978483,995044,False,2.2523646719928365,0.44497216685053187
39,0.04251010064035654,0.3719063978642225,0.12348251044750214,nf_pure,0.9976844360527684,0.0008690450651817291,0.5685859273039412,-0.002315563947231647,0.002315563947231647,1000000,False,9.364909084979445,
39,0.04251010064035654,0.3719063978642225,0.12348251044750214,vegas,2.048786755143445e-15,1.5476861963425918e-15,,-0.999999999999998,0.999999999999998,995070,False,2.2925734499876853,0.5093927304819803
40,0.08719463367015123,0.7568657426163554,0.7650763588026166,nf_pure,0.9971702589478478,0.0009269209135818879,0.536461799720565,-0.002829741052152168,0.002829741052152168,1000000,False,9.359876926988363,
40,0.08719463367015123,0.7568657426163554,0.7650763588026166,vegas,6.959213501789798e-13,4.606368569117919e-13,,-0.9999999999993041,0.9999999999993041,995079,False,2.2748010720242746,0.5378143600492763
41,0.96521420404315,0.06862342357635498,0.056148461997509,nf_pure,1.0011483449940748,0.002165288498162313,0.17612688714132904,0.0011483449940747903,0.0011483449940747903,1000000,True,9.380871579021914,
41,0.96521420404315,0.06862342357635498,0.056148461997509,vegas,2.0543211263302404e-19,2.051476440912801e-19,,-1.0,1.0,995103,False,2.3658696680213325,0.43752681106751756
42,0.72902159858495,0.6483086226508021,0.6924400236457586,nf_pure,0.9998304876821642,0.0007848165215599384,0.6187560386742863,-0.000169512317835796,0.000169512317835796,1000000,True,9.320742813986726,
42,0.72902159858495,0.6483086226508021,0.6924400236457586,vegas,4.734174008651237e-12,3.560817444056351e-12,,-0.9999999999952658,0.9999999999952658,995087,False,2.2859194049960934,0.5047987204215205
43,0.3590553291141987,0.45958279073238373,0.48730530869215727,nf_pure,0.9992288691777542,0.0008022058899547848,0.6080772343843902,-0.0007711308222457802,0.0007711308222457802,1000000,True,9.344328995997785,
43,0.3590553291141987,0.45958279073238373,0.48730530869215727,vegas,0.000995330655473155,0.0009953306452042347,,-0.9990046693445268,0.9990046693445268,995075,False,2.289145861985162,0.43727482057364
44,0.4587399670854211,0.5882998974993825,0.2057339558377862,nf_pure,0.9993423671400785,0.000548931001803344,0.7682132065444855,-0.0006576328599214865,0.0006576328599214865,1000000,True,9.341441033000592,
44,0.4587399670854211,0.5882998974993825,0.2057339558377862,vegas,1.0371747425546936e-14,7.731708066215205e-15,,-0.9999999999999897,0.9999999999999897,995099,False,2.3118547860067338,0.5129776833919386
45,0.5787028968334198,0.2765260022133589,0.9732865504920483,nf_pure,0.9991131392216606,0.0005933235169012849,0.7392851509838072,-0.0008868607783394378,0.0008868607783394378,1000000,True,9.319898474001093,
45,0.5787028968334198,0.2765260022133589,0.9732865504920483,vegas,0.00013449666423301067,9.589591603521535e-05,,-0.999865503335767,0.999865503335767,995051,False,2.2682605590089224,0.5308258108284003
46,0.8500471347942948,0.9479472460225224,0.2742509562522173,nf_pure,0.999360649554198,0.001994045411459202,0.2007505510824527,-0.0006393504458019894,0.0006393504458019894,1000000,True,9.372029026999371,
46,0.8500471347942948,0.9479472460225224,0.2742509562522173,vegas,8.14605093500507e-16,4.383154519734576e-16,,-0.9999999999999992,0.9999999999999992,995096,False,2.3201657779864036,0.6806815761859257
47,0.22202422469854355,0.13665877096354961,0.5457607647404075,nf_pure,0.998556146370162,0.0012748502168660088,0.3802358737753729,-0.00144385362983801,0.00144385362983801,1000000,True,9.369415806984762,
47,0.22202422469854355,0.13665877096354961,0.5457607647404075,vegas,1.6244791564048385e-11,1.608263651388049e-11,,-0.9999999999837552,0.9999999999837552,995071,False,2.3159785310272127,0.4390123414657049
48,0.19444772507995367,0.983618414029479,0.009683731012046337,nf_pure,0.9978334491160427,0.001291376906063209,0.373845194855166,-0.002166550883957341,0.002166550883957341,1000000,True,9.38807754300069,
48,0.19444772507995367,0.983618414029479,0.009683731012046337,vegas,8.651697616376379e-15,8.650933594566101e-15,,-0.9999999999999913,0.9999999999999913,995102,False,2.374584204982966,0.43713732468947875
49,0.814658610150218,0.17039207089692354,0.8123946022242308,nf_pure,1.0008217383528049,0.0011187494102889296,0.44453418110813386,0.0008217383528048572,0.0008217383528048572,1000000,True,9.370556800015038,
49,0.814658610150218,0.17039207089692354,0.8123946022242308,vegas,2.9918056248527107e-09,2.392838872566424e-09,,-0.9999999970081944,0.9999999970081944,995088,False,2.321926407981664,0.4876274324639299
50,0.614076173864305,0.6248790826648474,0.44099560379981995,nf_pure,0.9998771750887852,0.0005770539309241839,0.7501464359881885,-0.00012282491121484718,0.00012282491121484718,1000000,True,9.392287662019953,
50,0.614076173864305,0.6248790826648474,0.44099560379981995,vegas,8.000299714139841e-11,7.600692316426081e-11,,-0.999999999919997,0.999999999919997,995080,False,2.2985072559968103,0.44729509573277915
51,0.48630121909081936,0.3111673193052411,0.7398473741486669,nf_pure,1.0002756228567322,0.0005352157825423773,0.7774247715822353,0.0002756228567322161,0.0002756228567322161,1000000,True,9.374655688006897,
51,0.48630121909081936,0.3111673193052411,0.7398473741486669,vegas,2.5588536281613853e-05,2.558835108651055e-05,,-0.9999744114637183,0.9999744114637183,995018,False,2.32306896999944,0.43727462983156584
52,0.3241393445059657,0.6741531416773796,0.9572192644700408,nf_pure,1.0003111420474693,0.001240122011100282,0.39417472251770497,0.00031114204746929275,0.00031114204746929275,1000000,True,9.382697201013798,
52,0.3241393445059657,0.6741531416773796,0.9572192644700408,vegas,8.038001516657764e-09,6.730855300061886e-09,,-0.9999999919619985,0.9999999919619985,995039,False,2.357946349977283,0.4512454991129654
53,0.70191858895123,0.48739569913595915,0.22094582952558994,nf_pure,1.0001844465987118,0.0006184330874264943,0.7234223128298093,0.00018444659871175162,0.00018444659871175162,1000000,True,9.371437980997143,
53,0.70191858895123,0.48739569913595915,0.22094582952558994,vegas,1.4327704803371246e-12,1.4115418317068338e-12,,-0.9999999999985673,0.9999999999985673,995104,False,2.3070288309827447,0.44007686823620873
54,0.9923324687406421,0.7837403491139412,0.5296005494892597,nf_pure,0.9960688516112457,0.0009670238030796222,0.5147923184603184,-0.003931148388754302,0.003931148388754302,1000000,False,9.3844035010261,
54,0.9923324687406421,0.7837403491139412,0.5296005494892597,vegas,2.333942669997486e-11,2.3025390184906948e-11,,-0.9999999999766606,0.9999999999766606,995081,False,2.2764281099953223,0.439235977827655
55,0.12212587334215641,0.0974664194509387,0.2893116110935807,nf_pure,0.9983488045695328,0.001077128591638333,0.46209717955293794,-0.0016511954304672116,0.0016511954304672116,1000000,True,9.367577105993405,
55,0.12212587334215641,0.0974664194509387,0.2893116110935807,vegas,4.069479808152856e-09,4.065991087074538e-09,,-0.9999999959305202,0.9999999959305202,995105,False,2.3553243500064127,0.43743330723632545
56,0.015384091064333916,0.5235478188842535,0.5871708951890469,nf_pure,0.9972070061307887,0.0008822864046588585,0.5609167097158135,-0.00279299386921128,0.00279299386921128,1000000,False,9.384593633003533,
56,0.015384091064333916,0.5235478188842535,0.5871708951890469,vegas,1.3685245375665723e-13,9.96929658493255e-14,,-0.9999999999998631,0.9999999999998631,995050,False,2.3249615819950122,0.5014101883563808
57,0.8856517216190696,0.3372726934030652,0.3586941519752145,nf_pure,0.9982165803009406,0.0008395788911146147,0.5856811402309381,-0.0017834196990593743,0.0017834196990593743,1000000,False,9.385239769995678,
57,0.8856517216190696,0.3372726934030652,0.3586941519752145,vegas,3.9690099262625055e-17,1.9514180800460582e-17,,-1.0,1.0,995078,False,2.338107838004362,0.6075744978321369
58,0.6836470272392035,0.8835641797631979,0.8937893202528358,nf_pure,1.0023496357488841,0.001250543552508622,0.391154280916902,0.002349635748884138,0.002349635748884138,1000000,True,9.37626008701045,
58,0.6836470272392035,0.8835641797631979,0.8937893202528358,vegas,4.842021661031049e-09,3.830115477038989e-09,,-0.9999999951579783,0.9999999951579783,995053,False,2.3474687230191194,0.49421043627175243
59,0.3058067476376891,0.19680744875222445,0.1613286603242159,nf_pure,0.9986400844073219,0.0006892740221239131,0.6773261976722236,-0.0013599155926781181,0.0013599155926781181,1000000,False,9.374811258981936,
59,0.3058067476376891,0.19680744875222445,0.1613286603242159,vegas,7.711199655084158e-13,7.711141742521505e-13,,-0.9999999999992288,0.9999999999992288,995078,False,2.2956888049957342,0.43727487603975546
60,0.37813845463097095,0.8178117647767067,0.3794882670044899,nf_pure,0.9995794507521439,0.0007369467540266697,0.6478582199308672,-0.0004205492478560613,0.0004205492478560613,1000000,True,9.375574137986405,
60,0.37813845463097095,0.8178117647767067,0.3794882670044899,vegas,6.122411731741237e-10,6.122343045834151e-10,,-0.9999999993877589,0.9999999993877589,995087,False,2.3087296110170428,0.43727688826662037
61,0.5059744445607066,0.004099289886653423,0.6744013475254178,nf_pure,1.000028209061641,0.0006228431380175322,0.7205069370861806,2.8209061641026878e-05,2.8209061641026878e-05,1000000,True,9.367942549986765,
61,0.5059744445607066,0.004099289886653423,0.6744013475254178,vegas,6.360172136506111e-06,6.360160917468872e-06,,-0.9999936398278635,0.9999936398278635,995016,False,2.32474736898439,0.43727514464536543
62,0.7978347185999155,0.7086547240614891,0.07705021928995848,nf_pure,1.0005570647547632,0.0010986460172453714,0.45337504336822537,0.0005570647547632479,0.0005570647547632479,1000000,True,9.374002129974542,
62,0.7978347185999155,0.7086547240614891,0.07705021928995848,vegas,1.094029294557369e-18,7.44177025778147e-19,,-1.0,1.0,995097,False,2.351856872002827,0.5497881260316624
63,0.17756279837340117,0.3954295767471194,0.8680747505277395,nf_pure,0.9985438460433418,0.0012470007395520171,0.3906937642798894,-0.0014561539566582127,0.0014561539566582127,1000000,True,9.371193567989394,
63,0.17756279837340117,0.3954295767471194,0.8680747505277395,vegas,3.319610135275671e-11,3.1498545624534896e-11,,-0.9999999999668039,0.9999999999668039,995084,False,2.3364512199768797,0.4366533701934012
64,0.1846362240612507,0.5471645817160606,0.09464479051530361,nf_pure,0.9975618333393974,0.0007926886966312626,0.6129589265801002,-0.002438166660602592,0.002438166660602592,1000000,False,9.36399809399154,
64,0.1846362240612507,0.5471645817160606,0.09464479051530361,vegas,8.069962878645958e-19,5.722355630701007e-19,,-1.0,1.0,995071,False,2.284519730019383,0.5329514500583408
65,0.8049081461504102,0.36038591992110014,0.8348551793023944,nf_pure,0.9988970649859935,0.000747021732599903,0.6413239078495518,-0.0011029350140064897,0.0011029350140064897,1000000,True,9.366759605996776,
65,0.8049081461504102,0.36038591992110014,0.8348551793023944,vegas,1.7553059809404647e-09,1.1401764057684044e-09,,-0.999999998244694,0.999999998244694,995027,False,2.2747091010096483,0.5716835125044795
66,0.5145126692950726,0.9068071618676186,0.41658118832856417,nf_pure,0.9993714663287268,0.0006467224030884476,0.7048328331295289,-0.0006285336712732459,0.0006285336712732459,1000000,True,9.381895174999954,
66,0.5145126692950726,0.9068071618676186,0.41658118832856417,vegas,8.351594489128184e-14,4.588889945405969e-14,,-0.9999999999999165,0.9999999999999165,995097,False,2.3208502259803936,0.06282838683822643
67,0.38667668122798204,0.2205234570428729,0.6529334262013435,nf_pure,0.9998406761975869,0.0009389290759438823,0.5313866747287803,-0.00015932380241312494,0.00015932380241312494,1000000,True,9.370355757011566,
67,0.38667668122798204,0.2205234570428729,0.6529334262013435,vegas,1.2049322229613161e-08,1.2023811236691707e-08,,-0.9999999879506778,0.9999999879506778,995073,False,2.328381060011452,0.4340014215205178
68,0.29873331636190414,0.8565957602113485,0.9347584415227175,nf_pure,0.9993588555383262,0.0015273145027665165,0.29978862040643506,-0.0006411444616738482,0.0006411444616738482,1000000,True,9.366824777011061,
68,0.29873331636190414,0.8565957602113485,0.9347584415227175,vegas,9.294021459576063e-09,7.304160800156353e-09,,-0.9999999907059786,0.9999999907059786,995080,False,2.2767603939864784,0.4715146129923661
69,0.6765735978260636,0.04335630405694246,0.13598453905433416,nf_pure,0.999284348234127,0.0006404857736779722,0.7088127636525213,-0.00071565176587296,0.00071565176587296,1000000,True,9.35256829301943,
69,0.6765735978260636,0.04335630405694246,0.13598453905433416,vegas,2.9779836106151945e-18,2.977497279404765e-18,,-1.0,1.0,995090,False,2.3194239099975675,0.43730497575011107
70,0.8771134912967682,0.7480415012687445,0.6165142515674233,nf_pure,0.9973059339491229,0.0007271039402143079,0.6529374419349152,-0.0026940660508770753,0.0026940660508770753,1000000,False,9.353656745981425,
70,0.8771134912967682,0.7480415012687445,0.6165142515674233,vegas,3.77371399620545e-11,3.7563951693819113e-11,,-0.9999999999622629,0.9999999999622629,995054,False,2.344060575007461,0.4381263516570192
71,0.006845862604677677,0.434312810190022,0.313725795596838,nf_pure,1.000425675011973,0.0012136538456524323,0.40457944174499394,0.0004256750119731034,0.0004256750119731034,1000000,True,9.362846871023066,
71,0.006845862604677677,0.434312810190022,0.313725795596838,vegas,2.7639557121933617e-17,2.375211070102338e-17,,-1.0,1.0,995105,False,2.3314468339958694,0.2242235440851528
72,0.11503914464265108,0.9447580650448799,0.5471317106857896,nf_pure,0.9990930637530328,0.0024006673761347466,0.14763041797701343,-0.0009069362469672493,0.0009069362469672493,1000000,True,9.359719955013134,
72,0.11503914464265108,0.9447580650448799,0.5471317106857896,vegas,1.1214088549197928e-15,5.594612886069849e-16,,-0.9999999999999989,0.9999999999999989,995099,False,2.3172778760199435,0.12189769748424785
73,0.9852457381784916,0.13102818559855223,0.25615544989705086,nf_pure,0.9958249191324172,0.00085892010953909,0.5734132925749508,-0.004175080867582781,0.004175080867582781,1000000,False,9.387158072000602,
73,0.9852457381784916,0.13102818559855223,0.25615544989705086,vegas,8.449413454083802e-18,5.5247244612390274e-18,,-1.0,1.0,995101,False,2.326197286020033,0.5677565884888753
74,0.6933669717982411,0.5856602117419243,0.9943756107240915,nf_pure,0.9993459010820155,0.0006173149368520763,0.7238106771726697,-0.0006540989179845136,0.0006540989179845136,1000000,True,9.383942565007601,
74,0.6933669717982411,0.5856602117419243,0.9943756107240915,vegas,7.49777053790174e-08,5.8288333642044465e-08,,-0.9999999250222946,0.9999999250222946,995064,False,2.31632954502129,0.49683731545212106
75,0.31558772549033165,0.2724214745685458,0.1994144832715392,nf_pure,0.9993004118115659,0.0007367321122572319,0.647863743263898,-0.0006995881884340749,0.0006995881884340749,1000000,True,9.374951520992909,
75,0.31558772549033165,0.2724214745685458,0.1994144832715392,vegas,3.983002644108258e-14,3.196421217054365e-14,,-0.9999999999999601,0.9999999999999601,995089,False,2.3269428339845035,0.48961808551672914
76,0.49338794592767954,0.6503989901393652,0.4820272149518132,nf_pure,0.9996510204419148,0.0006110834751505961,0.7279695746412471,-0.0003489795580852162,0.0003489795580852162,1000000,True,9.362884911999572,
76,0.49338794592767954,0.6503989901393652,0.4820272149518132,vegas,4.696276331217607e-11,4.6763643311410144e-11,,-0.9999999999530372,0.9999999999530372,995075,False,2.3090665639902,0.4380629385106656
77,0.62116289883852,0.46411456633359194,0.7144407629966736,nf_pure,1.00064431720508,0.0006426479273184091,0.7079823095547787,0.0006443172050800694,0.0006443172050800694,1000000,True,9.372133708006004,
77,0.62116289883852,0.46411456633359194,0.7144407629966736,vegas,5.577139794272886e-10,5.411351906998287e-10,,-0.999999999442286,0.999999999442286,995083,False,2.313991529023042,0.44296992507432
78,0.8232102254405618,0.7606042381376028,0.03896464221179485,nf_pure,0.9991214403087056,0.0010331798921023715,0.4832461413874257,-0.0008785596912943561,0.0008785596912943561,1000000,True,9.362716258998262,
78,0.8232102254405618,0.7606042381376028,0.03896464221179485,vegas,2.819117071883375e-19,1.8551347668438508e-19,,-1.0,1.0,995068,False,2.322222821007017,0.5652328828359272
79,0.20299933850765228,0.07382676471024752,0.7674886910244823,nf_pure,0.99905677869777,0.0008972488438419022,0.5535332126929354,-0.0009432213022300129,0.0009432213022300129,1000000,True,9.356078533019172,
79,0.20299933850765228,0.07382676471024752,0.7674886910244823,vegas,5.1996341779673755e-09,4.873630772737837e-09,,-0.9999999948003658,0.9999999948003658,995058,False,2.32111335900845,0.44954439038546645
80,0.2300723111256957,0.7962067546322942,0.3035657247528434,nf_pure,0.9985781059692987,0.0009877366578396223,0.5054579089700055,-0.001421894030701254,0.001421894030701254,1000000,True,9.370762253005523,
80,0.2300723111256957,0.7962067546322942,0.3035657247528434,vegas,1.1804576599995617e-18,1.1253458206728811e-18,,-1.0,1.0,995103,False,2.303550532000372,0.41053825350872375
81,0.8580952193588018,0.10749141685664654,0.5008209962397814,nf_pure,0.9980306512332104,0.0010008057956508941,0.49861162274049237,-0.001969348766789558,0.001969348766789558,1000000,False,9.383669072005432,
81,0.8580952193588018,0.10749141685664654,0.5008209962397814,vegas,1.5917367082348893e-12,1.371091515279753e-12,,-0.9999999999984083,0.9999999999984083,995080,False,2.36570715601556,0.4547371620486804
82,0.5862626573070884,0.6870468528941274,0.2467317096889019,nf_pure,0.9999156846004942,0.0005446501865225735,0.7711920557956364,-8.431539950581879e-05,8.431539950581879e-05,1000000,True,9.382296466006665,
82,0.5862626573070884,0.6870468528941274,0.2467317096889019,vegas,7.683824152637758e-13,5.816071172458927e-13,,-0.9999999999992316,0.9999999999992316,995082,False,2.346754985017469,0.5086905063120987
83,0.4662997256964445,0.49882456474006176,0.9479137966409326,nf_pure,0.9993753678330831,0.0006857418696471973,0.6798882637663813,-0.0006246321669168831,0.0006246321669168831,1000000,True,9.38730678401771,
83,0.4662997256964445,0.49882456474006176,0.9479137966409326,vegas,6.056840609343243e-09,5.240778235953606e-09,,-0.9999999939431594,0.9999999939431594,995017,False,2.3141796010022517,0.40935920486233424
84,0.351007248274982,0.6115581272169948,0.7295005274936557,nf_pure,0.9991831732111978,0.000904850916925222,0.5494220565391497,-0.0008168267888022385,0.0008168267888022385,1000000,True,9.38672571699135,
84,0.351007248274982,0.6115581272169948,0.7295005274936557,vegas,1.4316536940797588e-11,9.186596820269244e-12,,-0.9999999999856835,0.9999999999856835,995067,False,2.243543603020953,0.5748245992779943
85,0.7209735158830881,0.30028776824474335,0.4658698048442602,nf_pure,0.9996744682329879,0.0006521927681895797,0.7014430557277397,-0.0003255317670121105,0.0003255317670121105,1000000,True,9.344881383993197,
85,0.7209735158830881,0.30028776824474335,0.4658698048442602,vegas,1.3616540339436985e-15,8.576462323369417e-16,,-0.9999999999999987,0.9999999999999987,995078,False,2.2801336310221814,0.5872759037134101
86,0.9576544491574168,0.9715792564675212,0.7827033624053001,nf_pure,0.9951685141074232,0.001004338230063444,0.49541410743634395,-0.004831485892576759,0.004831485892576759,1000000,False,9.386873039009515,
86,0.9576544491574168,0.9715792564675212,0.7827033624053001,vegas,2.958719318917399e-12,2.2712671324733145e-12,,-0.9999999999970413,0.9999999999970413,995086,False,2.295177259016782,0.5015883563898109
87,0.07963487692177296,0.15981775522232056,0.02289645839482546,nf_pure,0.9982885661352279,0.0012668778540055406,0.3830702465056113,-0.0017114338647721272,0.0017114338647721272,1000000,True,9.373150920000626,
87,0.07963487692177296,0.15981775522232056,0.02289645839482546,vegas,6.031170857519309e-20,6.005817492093212e-20,,-1.0,1.0,995104,False,2.3454807510133833,0.4304084481266015
88,0.03444490395486355,0.7113860221579671,0.8500374108552933,nf_pure,0.9994231781819313,0.0015106863802780304,0.30443175609014345,-0.000576821818068729,0.000576821818068729,1000000,True,9.336264053999912,
88,0.03444490395486355,0.7113860221579671,0.8500374108552933,vegas,3.8910398997722e-09,3.89095397940205e-09,,-0.9999999961089601,0.9999999961089601,995029,False,2.2913692769943736,0.43727881560728954
89,0.9125255113467574,0.39962571673095226,0.07860904652625322,nf_pure,0.9984513862891352,0.0009224997864424716,0.539476823473309,-0.001548613710864788,0.001548613710864788,1000000,True,9.32631669897819,
89,0.9125255113467574,0.39962571673095226,0.07860904652625322,vegas,1.3093913197535816e-21,9.249160549841946e-22,,-1.0,1.0,995092,False,2.2523234709806275,0.5342111218457759
90,0.6411463301628828,0.8209703685715795,0.6680256007239223,nf_pure,0.9996583866813338,0.0005383485214630324,0.7751834360960596,-0.0003416133186662229,0.0003416133186662229,1000000,True,9.322965611005202,
90,0.6411463301628828,0.8209703685715795,0.6680256007239223,vegas,2.9778787716508924e-06,2.977878653499702e-06,,-0.9999970221212283,0.9999970221212283,995061,False,2.255793240008643,0.43727482617534286
91,0.27111902739852667,0.009699298068881035,0.40039136819541454,nf_pure,0.9972845914707247,0.0008085728299705037,0.6033709793738031,-0.0027154085292753205,0.0027154085292753205,1000000,False,9.31574569697841,
91,0.27111902739852667,0.009699298068881035,0.40039136819541454,vegas,4.3565357541155546e-14,2.650720937481652e-14,,-0.9999999999999565,0.9999999999999565,995074,False,2.3333055450057145,0.5896149486515919
92,0.4215846750885248,0.8799783317372203,0.18327314034104347,nf_pure,0.9995610830282846,0.001474210328420218,0.31494028108120614,-0.00043891697171538624,0.00043891697171538624,1000000,True,9.326334988989402,
92,0.4215846750885248,0.8799783317372203,0.18327314034104347,vegas,9.236335760507152e-09,8.251087181706817e-09,,-0.9999999907636642,0.9999999907636642,995080,False,2.3219145580078475,0.4609561122771113
93,0.5416086418554187,0.19175675511360168,0.8883252525702119,nf_pure,0.9994565758475279,0.000610895829807418,0.728014163001307,-0.0005434241524721051,0.0005434241524721051,1000000,True,9.320756274973974,
93,0.5416086418554187,0.19175675511360168,0.8883252525702119,vegas,7.029351547781488e-09,4.767537313051372e-09,,-0.9999999929706485,0.9999999929706485,995025,False,2.250565241993172,0.5447591556448699
94,0.7778274286538363,0.5212437687441707,0.3611646657809615,nf_pure,0.9992995847097407,0.0006753110865186883,0.6864904150245662,-0.0007004152902593264,0.0007004152902593264,1000000,True,9.328467193990946,
94,0.7778274286538363,0.5212437687441707,0.3611646657809615,vegas,2.7327068308423756e-14,2.7295708976258853e-14,,-0.9999999999999727,0.9999999999999727,995080,False,2.3006594510225113,0.43748671489932733
95,0.14974348526448011,0.3325272351503372,0.5701749417930841,nf_pure,0.9984337609145585,0.0009572139099206116,0.5210679805189046,-0.001566239085441512,0.001566239085441512,1000000,True,9.333707284007687,
95,0.14974348526448011,0.3325272351503372,0.5701749417930841,vegas,9.909798883067664e-12,9.901369473315307e-12,,-0.9999999999900901,0.9999999999900901,995096,False,2.2959176680014934,0.4369811798045845
96,0.13007296342402697,0.9313722662627697,0.983910895884037,nf_pure,0.9952999751661126,0.0011155232296464407,0.4432285385922669,-0.004700024833887428,0.004700024833887428,1000000,False,9.33863708100398,
96,0.13007296342402697,0.9313722662627697,0.983910895884037,vegas,2.0895610057617678e-08,2.067398880394969e-08,,-0.99999997910439,0.99999997910439,995075,False,2.2709220690012444,0.4207956462890663
97,0.7500964514911175,0.24314616527408361,0.21243477333337069,nf_pure,0.998796568604062,0.0006259711135389285,0.7179860890009023,-0.0012034313959380372,0.0012034313959380372,1000000,True,9.331598149990896,
97,0.7500964514911175,0.24314616527408361,0.21243477333337069,vegas,7.531947070403688e-13,7.313684223581448e-13,,-0.9999999999992468,0.9999999999992468,995069,False,2.2521847689931747,0.44288525689715474
98,0.5536993639543653,0.5404062531888485,0.5370808346197009,nf_pure,1.0002860096603343,0.0005258436507520765,0.783482040610235,0.00028600966033431874,0.00028600966033431874,1000000,True,9.348082619981142,
98,0.5536993639543653,0.5404062531888485,0.5370808346197009,vegas,1.0452504240734552e-12,6.26160937722289e-13,,-0.9999999999989547,0.9999999999989547,995013,False,2.3100236050086096,0.18646049185842317
99,0.42561494186520576,0.35169473197311163,0.2694943305104971,nf_pure,0.9990415873656815,0.0005702253588358013,0.754272315624982,-0.0009584126343185062,0.0009584126343185062,1000000,True,9.37983982800506,
99,0.42561494186520576,0.35169473197311163,0.2694943305104971,vegas,2.109451140594798e-17,2.0701343711671835e-17,,-1.0,1.0,995075,False,2.318878723977832,0.44081895219796285
100,0.259550959803164,0.7234697211533785,0.04918515309691429,nf_pure,0.9981585155584831,0.0009589136740689383,0.5200447725218761,-0.001841484441516883,0.001841484441516883,1000000,True,9.371984766999958,
100,0.259550959803164,0.7234697211533785,0.04918515309691429,vegas,1.0840273563986374e-15,7.351379446510077e-16,,-0.9999999999999989,0.9999999999999989,995086,False,2.338999038009206,0.5513660257611548
101,0.6376310884952545,0.4117120364680886,0.754223839379847,nf_pure,0.9999180573164016,0.0005329119322061124,0.7787909215129732,-8.194268359840162e-05,8.194268359840162e-05,1000000,True,9.376121123990742,
101,0.6376310884952545,0.4117120364680886,0.754223839379847,vegas,1.7029194702382804e-09,1.5033496631542607e-09,,-0.9999999982970805,0.9999999982970805,995076,False,2.3217824259772897,0.4638072626219294
102,0.9316810006275773,0.8633302468806505,0.49232205655425787,nf_pure,0.9974688579720439,0.000858886535168588,0.574239165950385,-0.0025311420279561236,0.0025311420279561236,1000000,False,9.369674810004653,
102,0.9316810006275773,0.8633302468806505,0.49232205655425787,vegas,7.136460693870155e-09,7.1361753642056605e-09,,-0.9999999928635394,0.9999999928635394,995082,False,2.273839050991228,0.43728219932105683
103,0.061653219163417816,0.05205607507377863,0.7013457287102938,nf_pure,0.9964817817868123,0.0009561965575120937,0.5206219755917936,-0.0035182182131876516,0.0035182182131876516,1000000,False,9.370375898986822,
103,0.061653219163417816,0.05205607507377863,0.7013457287102938,vegas,1.9877641580624905e-14,1.6239798255726602e-14,,-0.9999999999999801,0.9999999999999801,995077,False,2.314385433011921,0.48441975824194217
104,0.07609673961997032,0.5767704211175442,0.43670483585447073,nf_pure,1.0035436231277892,0.00490285253165649,0.0402115104899335,0.0035436231277892194,0.0035436231277892194,1000000,True,9.373568225011695,
104,0.07609673961997032,0.5767704211175442,0.43670483585447073,vegas,1.0104470265978792e-16,9.345565383587696e-17,,-0.9999999999999999,0.9999999999999999,995090,False,2.3428764309792314,0.45239213171603065
105,0.9460634859278798,0.2654955377802253,0.63391631282866,nf_pure,0.9966379209061498,0.0009098380029534834,0.5454348059148298,-0.003362079093850223,0.003362079093850223,1000000,False,9.39216837999993,
105,0.9460634859278798,0.2654955377802253,0.63391631282866,vegas,5.385473498227979e-12,3.3895097783040054e-12,,-0.9999999999946145,0.9999999999946145,995079,False,2.2794693739851937,0.5747072630025936
106,0.7481742240488529,0.967060100287199,0.11456822231411934,nf_pure,0.9988778222660696,0.0009154560408897922,0.543494849980775,-0.0011221777339304184,0.0011221777339304184,1000000,True,9.376184894994367,
106,0.7481742240488529,0.967060100287199,0.11456822231411934,vegas,9.814837873050534e-12,9.808590232136479e-12,,-0.9999999999901852,0.9999999999901852,995093,False,2.3057808380108327,0.4373922415013667
107,0.3701551305130124,0.15530361142009497,0.8157941335812211,nf_pure,0.9984122709263262,0.0007421447702280396,0.6441091030387991,-0.0015877290736737715,0.0015877290736737715,1000000,False,9.385027568001533,
107,0.3701551305130124,0.15530361142009497,0.8157941335812211,vegas,3.5336173469134736e-09,2.7017981578396416e-09,,-0.9999999964663826,0.9999999964663826,995071,False,2.338383291003993,0.5047568871048712
108,0.43857644498348236,0.7694720942527056,0.596635046415031,nf_pure,0.9998617274481476,0.0007085345170230852,0.6657080372815192,-0.00013827255185239196,0.00013827255185239196,1000000,True,9.380407254007878,
108,0.43857644498348236,0.7694720942527056,0.596635046415031,vegas,2.125315165779011e-10,2.0359584356223883e-10,,-0.9999999997874685,0.9999999997874685,995071,False,2.307568446994992,0.44514511889800323
109,0.5665998319163918,0.0807593772187829,0.33298723213374615,nf_pure,1.0003530174423616,0.0005558871504025033,0.7640630772454444,0.0003530174423616028,0.0003530174423616028,1000000,True,9.381893011013744,
109,0.5665998319163918,0.0807593772187829,0.33298723213374615,vegas,3.1614141544588108e-12,3.0759123061375045e-12,,-0.9999999999968386,0.9999999999968386,995068,False,2.2798278469999786,0.4424915214599252
110,0.86214829236269,0.6280883718281984,0.9145912826061249,nf_pure,1.00144970402886,0.0017803584658082643,0.24035537823978642,0.0014497040288599106,0.0014497040288599106,1000000,True,9.369945743004791,
110,0.86214829236269,0.6280883718281984,0.9145912826061249,vegas,2.0382078932387516e-10,1.886108454523757e-10,,-0.9999999997961793,0.9999999997961793,995090,False,2.323405613016803,0.452353815546215
111,0.24218583945184946,0.43986298236995935,0.15480150002986193,nf_pure,0.9999823937159693,0.0012263577799385339,0.3993600073971367,-1.76062840306912e-05,1.76062840306912e-05,1000000,True,9.366801347001456,
111,0.24218583945184946,0.43986298236995935,0.15480150002986193,vegas,1.9400636200283532e-07,1.9384504969566916e-07,,-0.999999805993638,0.999999805993638,995097,False,2.316043692000676,0.4374285294097505
112,0.20675869099795818,0.6627297038212419,0.6813551196828485,nf_pure,0.9986980159244341,0.0014258719062827559,0.3291189426776255,-0.0013019840755659207,0.0013019840755659207,1000000,True,9.389300937007647,
112,0.20675869099795818,0.6627297038212419,0.6813551196828485,vegas,5.9520167277534585e-09,5.948040520097137e-09,,-0.9999999940479832,0.9999999940479832,995096,False,2.237467844999628,0.4373982604946043
113,0.834534122608602,0.4764421824365854,0.390365581959486,nf_pure,0.9989939332431728,0.0008095104961993292,0.6036358915430411,-0.0010060667568272397,0.0010060667568272397,1000000,True,9.368205753999064,
113,0.834534122608602,0.4764421824365854,0.390365581959486,vegas,4.824037193474882e-07,4.824037191241787e-07,,-0.9999995175962807,0.9999995175962807,995087,False,2.277166098996531,0.43727481828145753
114,0.5941987540572882,0.8032054090872407,0.8630827981978655,nf_pure,0.9995908264509162,0.000667785388877713,0.6914182980299393,-0.00040917354908376335,0.00040917354908376335,1000000,True,9.372173787996871,
114,0.5941987540572882,0.8032054090872407,0.8630827981978655,vegas,3.2002334155257064e-06,3.1989810657694295e-06,,-0.9999967997665845,0.9999967997665845,995049,False,2.2554984769958537,0.43734691412384485
115,0.47398834582418203,0.11643056012690067,0.06813497748225927,nf_pure,0.999798161146104,0.0006084754053982579,0.7297183063684046,-0.0002018388538960192,0.0002018388538960192,1000000,True,9.39117553899996,
115,0.47398834582418203,0.11643056012690067,0.06813497748225927,vegas,1.8345182777113197e-17,1.0815259104725836e-17,,-1.0,1.0,995096,False,2.326756911992561,0.5804258519525531
116,0.34307453222572803,0.9959030812606215,0.3480793433263898,nf_pure,0.9966042732472196,0.0009062772044250064,0.5473618544268805,-0.003395726752780437,0.003395726752780437,1000000,False,9.367078150011366,
116,0.34307453222572803,0.9959030812606215,0.3480793433263898,vegas,7.0125119565213905e-15,5.90345215134417e-15,,-0.999999999999993,0.999999999999993,995075,False,2.364114818017697,0.4756403719207939
117,0.7132816044613719,0.18217820301651955,0.5804452821612358,nf_pure,0.9994704916739032,0.0007825450034275394,0.6199529187486531,-0.0005295083260967726,0.0005295083260967726,1000000,True,9.368538067006739,
117,0.7132816044613719,0.18217820301651955,0.5804452821612358,vegas,9.37360902420926e-10,9.365171415707437e-10,,-0.9999999990626391,0.9999999990626391,995063,False,2.348507343995152,0.43744122773474536
118,0.980971360579133,0.6045833146199584,0.16998379491269588,nf_pure,0.9972093603441669,0.0008568177070622619,0.5752908373733999,-0.002790639655833149,0.002790639655833149,1000000,False,9.395152774988674,
118,0.980971360579133,0.6045833146199584,0.16998379491269588,vegas,5.960687831265338e-21,5.850753083933703e-21,,-1.0,1.0,995105,False,2.287603793985909,0.4407828257607327
119,0.1031925929710269,0.29134004190564156,0.89855548273772,nf_pure,0.9991154354839064,0.0020903645720455268,0.18596469608708857,-0.0008845645160936444,0.0008845645160936444,1000000,True,9.381301883986453,
119,0.1031925929710269,0.29134004190564156,0.89855548273772,vegas,5.6530113984947725e-09,5.515539056109613e-09,,-0.9999999943469886,0.9999999943469886,995083,False,2.2600193970138207,0.4419306530128213
120,0.02675285842269659,0.8296198332682252,0.22764950804412365,nf_pure,1.0008685382838847,0.002008295764333037,0.19895528869541337,0.0008685382838846678,0.0008685382838846678,1000000,True,9.3818881509942,
120,0.02675285842269659,0.8296198332682252,0.22764950804412365,vegas,2.355798856238232e-12,2.3557985424201257e-12,,-0.9999999999976442,0.9999999999976442,995103,False,2.2716666369815357,0.4372748435857071
121,0.9045926611870527,0.01637727953493595,0.9678426561877131,nf_pure,0.995401659251882,0.0010743172215127623,0.4619267125383116,-0.004598340748118046,0.004598340748118046,1000000,False,9.388006581983063,
121,0.9045926611870527,0.01637727953493595,0.9678426561877131,vegas,9.285362025411078e-12,7.445100431807228e-12,,-0.9999999999907146,0.9999999999907146,994979,False,2.246691837994149,0.4813953783121694
122,0.6647041803225875,0.6888360315933824,0.2845540316775441,nf_pure,1.0004681523120227,0.0006874005436149021,0.6793121088300088,0.0004681523120226849,0.0004681523120226849,1000000,True,9.351863032992696,
122,0.6647041803225875,0.6888360315933824,0.2845540316775441,vegas,5.69103008367965e-13,5.306457747451002e-13,,-0.9999999999994309,0.9999999999994309,995080,False,2.261690085986629,0.4512398039903128
123,0.2944360729306936,0.37510996498167515,0.5209234803915024,nf_pure,1.001619093732629,0.0017792461885430553,0.2406454694538823,0.001619093732629029,0.001619093732629029,1000000,True,9.366189164982643,
123,0.2944360729306936,0.37510996498167515,0.5209234803915024,vegas,3.013653598233027e-09,2.958774713681741e-09,,-0.9999999969863465,0.9999999969863465,995060,False,2.2840190650022123,0.4406885549781353
124,0.39802353363484144,0.5126162385568023,0.8015411291271448,nf_pure,0.9987762854482723,0.000745627787652428,0.6421271467343245,-0.0012237145517276504,0.0012237145517276504,1000000,True,9.377222791983513,
124,0.39802353363484144,0.5126162385568023,0.8015411291271448,vegas,1.382798835981908e-10,1.148209026639326e-10,,-0.9999999998617202,0.9999999998617202,995048,False,2.3318209880089853,0.4772103775500104
125,0.5182949770241976,0.32584257796406746,0.0027232831344008446,nf_pure,1.0006708131076283,0.0005666401684270668,0.757202466658999,0.0006708131076282875,0.0006708131076282875,1000000,True,9.384044640988577,
125,0.5182949770241976,0.32584257796406746,0.0027232831344008446,vegas,3.989646271112987e-17,3.9330097254226537e-17,,-1.0,1.0,995090,False,2.3185522799903993,0.4313427161046073
126,0.7855160934850574,0.9025369053706527,0.7487559402361512,nf_pure,0.9986734997867316,0.0007510045699430413,0.6387706333862696,-0.0013265002132684112,0.0013265002132684112,1000000,True,9.362857786007226,
126,0.7855160934850574,0.9025369053706527,0.7487559402361512,vegas,1.503326372236136e-10,9.880298265341503e-11,,-0.9999999998496674,0.9999999998496674,995052,False,2.2835842890199274,0.5105170838865645
127,0.1576796267181635,0.21624866500496864,0.44601139798760414,nf_pure,0.9982993804351867,0.001175965759320233,0.4188286863518403,-0.001700619564813266,0.001700619564813266,1000000,True,9.382386990997475,
127,0.1576796267181635,0.21624866500496864,0.44601139798760414,vegas,1.1274863623609458e-11,9.77965119518151e-12,,-0.9999999999887251,0.9999999999887251,995078,False,2.3210546580085065,0.32469598229306107
128,0.1613886822015047,0.642019740305841,0.7886057430878282,nf_pure,0.9970967702118209,0.0008758834899687706,0.5644468748764568,-0.0029032297881791402,0.0029032297881791402,1000000,False,9.370023739000317,
128,0.1613886822015047,0.642019740305841,0.7886057430878282,vegas,1.2399368703426247e-14,9.756748085925366e-15,,-0.9999999999999876,0.9999999999999876,995096,False,2.3070539020118304,0.4852931762893111
129,0.781660127453506,0.45330606773495674,0.017114955931901932,nf_pure,1.0007619291383583,0.0009981047841327137,0.5013293234073847,0.0007619291383582638,0.0007619291383582638,1000000,True,9.38225456001237,
129,0.781660127453506,0.45330606773495674,0.017114955931901932,vegas,2.1740837132791107e-20,1.9378626700394778e-20,,-1.0,1.0,995102,False,2.286410750995856,0.42190706954975077
130,0.5220269653946161,0.7516650026664138,0.7323858980089426,nf_pure,1.0001640064403199,0.0005850609811416317,0.7450542729310687,0.00016400644031988598,0.00016400644031988598,1000000,True,9.393530109984567,
130,0.5220269653946161,0.7516650026664138,0.7323858980089426,vegas,1.74571787403774e-06,1.7420001097814867e-06,,-0.999998254282126,0.999998254282126,995068,False,2.3044157520052977,0.4376686878508189
131,0.3941905004903674,0.06344056501984596,0.4648142969235778,nf_pure,0.9986253632953431,0.000620896889442646,0.7212015127613999,-0.001374636704656873,0.001374636704656873,1000000,False,9.392138434981462,
131,0.3941905004903674,0.06344056501984596,0.4648142969235778,vegas,4.4292973830092973e-11,4.3073588032107606e-11,,-0.999999999955707,0.999999999955707,995097,False,2.315517526003532,0.44257023799229445
132,0.2907312195748091,0.949222662486136,0.24445919413119555,nf_pure,0.9977143755930284,0.0007943400638356377,0.6120436461563188,-0.0022856244069715537,0.0022856244069715537,1000000,False,9.392092274007155,
132,0.2907312195748091,0.949222662486136,0.24445919413119555,vegas,4.161234358658006e-13,4.1156540728977154e-13,,-0.9999999999995839,0.9999999999995839,995098,False,2.2915586789895315,0.4393325600604606
133,0.6685710242018104,0.13795445300638676,0.9495747685432434,nf_pure,0.9995767895758242,0.0006733651420553689,0.6878503276475174,-0.0004232104241758128,0.0004232104241758128,1000000,True,9.348674181994284,
133,0.6685710242018104,0.13795445300638676,0.9495747685432434,vegas,4.1773486354136975e-09,3.5643968281545096e-09,,-0.9999999958226513,0.9999999958226513,995043,False,2.3349268219899386,0.47078814143382675
134,0.9008497949689627,0.5906710857525468,0.2970478665083647,nf_pure,0.9991880057530262,0.0010206042074860104,0.48939802119294684,-0.0008119942469737573,0.0008119942469737573,1000000,True,9.369975869019981,
134,0.9008497949689627,0.5906710857525468,0.2970478665083647,vegas,1.6673076292078595e-13,1.4552255267416857e-13,,-0.9999999999998332,0.9999999999998332,995087,False,2.3187360019946937,0.46662850525937105
135,0.030581689439713955,0.27890791930258274,0.5059948889538646,nf_pure,0.9984180446521292,0.001377123192259975,0.3445326174275329,-0.001581955347870756,0.001581955347870756,1000000,True,9.38280585699249,
135,0.030581689439713955,0.27890791930258274,0.5059948889538646,vegas,4.7154592904669294e-12,2.6637031348929596e-12,,-0.9999999999952845,0.9999999999952845,995104,False,2.3006485999794677,0.6217195048190921
136,0.10705003421753645,0.8498873477801681,0.36633909307420254,nf_pure,1.0006682784421645,0.0023218407130904764,0.15664783141047206,0.0006682784421645493,0.0006682784421645493,1000000,True,9.376775116979843,
136,0.10705003421753645,0.8498873477801681,0.36633909307420254,vegas,4.722507201354846e-13,2.294663094757256e-13,,-0.9999999999995277,0.9999999999995277,995072,False,2.261168799974257,0.11184562872311497
137,0.9772571045905352,0.038124892860651016,0.5636570258066058,nf_pure,0.9947824073315937,0.0010250586893530398,0.4850139295481653,-0.005217592668406268,0.005217592668406268,1000000,False,9.388551403011661,
137,0.9772571045905352,0.038124892860651016,0.5636570258066058,vegas,8.002592856641599e-16,4.607321811814119e-16,,-0.9999999999999992,0.9999999999999992,995079,False,2.2985664070001803,0.6334494226253542
138,0.717116023413837,0.7407883619889617,0.1849338160827756,nf_pure,0.9997824166148804,0.000731699566007992,0.6512039112404548,-0.00021758338511956854,0.00021758338511956854,1000000,True,9.393812583992258,
138,0.717116023413837,0.7407883619889617,0.1849338160827756,vegas,2.3719878604103708e-12,2.356874119147356e-12,,-0.999999999997628,0.999999999997628,995101,False,2.3004793279978912,0.43846333624171696
139,0.33933725394308567,0.4295189566910267,0.8860535100102425,nf_pure,0.9971504827031581,0.0006726416967052862,0.6872680177207992,-0.002849517296841908,0.002849517296841908,1000000,False,9.391732508986024,
139,0.33933725394308567,0.4295189566910267,0.8860535100102425,vegas,1.3711702711159721e-07,8.375231648518201e-08,,-0.9999998628829729,0.9999998628829729,995043,False,2.291906653001206,0.5954409207413638
140,0.4701267024502158,0.5577555829659104,0.6669706273823977,nf_pure,0.9988644611660494,0.0005466273635741626,0.7695378541496853,-0.0011355388339505668,0.0011355388339505668,1000000,False,9.395066949015018,
140,0.4701267024502158,0.5577555829659104,0.6669706273823977,vegas,5.845038938988168e-10,3.142328699067223e-10,,-0.9999999994154961,0.9999999994154961,995062,False,2.3025605109869502,0.2710695551333738
141,0.5979021321982145,0.3695323411375284,0.40327668096870184,nf_pure,0.9998497934745503,0.0005264829948594498,0.7829212724140907,-0.00015020652544972535,0.00015020652544972535,1000000,True,9.395793937001145,
141,0.5979021321982145,0.3695323411375284,0.40327668096870184,vegas,4.149379857655328e-09,4.044672167061917e-09,,-0.9999999958506202,0.9999999958506202,995087,False,2.316582138009835,0.44212801881167274
142,0.8307105815038085,0.9179596984758973,0.844255612231791,nf_pure,0.9994306890192178,0.001060169499242419,0.47053504254763245,-0.0005693109807821672,0.0005693109807821672,1000000,True,9.387157296994701,
142,0.8307105815038085,0.9179596984758973,0.844255612231791,vegas,1.8277742714655943e-10,1.6368510527171184e-10,,-0.9999999998172225,0.9999999998172225,995068,False,2.3172853459836915,0.4583851570430483
143,0.2105001714080572,0.22924531437456608,0.08451220020651817,nf_pure,1.0005988753287387,0.0017021641590369541,0.2568122254228057,0.0005988753287387016,0.0005988753287387016,1000000,True,9.394054447009694,
143,0.2105001714080572,0.22924531437456608,0.08451220020651817,vegas,4.710876058586284e-13,4.3210130138289623e-13,,-0.9999999999995289,0.9999999999995289,995101,False,2.3347077300131787,0.2970722480693466
144,0.2380763152614236,0.8891244549304247,0.6110658198595047,nf_pure,0.9973995178519042,0.00113138332268669,0.43730917904312433,-0.0026004821480958284,0.0026004821480958284,1000000,False,9.37240821699379,
144,0.2380763152614236,0.8891244549304247,0.6110658198595047,vegas,3.382413063066988e-12,2.0223494537120932e-12,,-0.9999999999966176,0.9999999999966176,995079,False,2.2549828499904834,0.5934877331168811
145,0.8660997003316879,0.2023479351773858,0.32002991158515215,nf_pure,0.9993263782322581,0.0008913222040028117,0.5569396500490954,-0.0006736217677418832,0.0006736217677418832,1000000,True,9.390267962997314,
145,0.8660997003316879,0.2023479351773858,0.32002991158515215,vegas,1.6330436208803403e-15,1.4136867562602513e-15,,-0.9999999999999983,0.9999999999999983,995025,False,2.236386664008023,0.4686808628172173
146,0.5625282609835267,0.5299654472619295,0.9333722470328212,nf_pure,1.0009485148408437,0.0005554971318446462,0.7645303686287017,0.0009485148408436839,0.0009485148408436839,1000000,True,9.399013603979256,
146,0.5625282609835267,0.5299654472619295,0.9333722470328212,vegas,2.013853791366981e-10,1.5124869324332863e-10,,-0.9999999997986146,0.9999999997986146,995074,False,2.2870839489914943,0.351256411210794
147,0.44256580621004105,0.34368006978183985,0.13847055844962597,nf_pure,0.999791097375573,0.0005702930283913915,0.7545062516053818,-0.0002089026244269654,0.0002089026244269654,1000000,True,9.408917719003512,
147,0.44256580621004105,0.34368006978183985,0.13847055844962597,vegas,4.793128668081985e-16,4.773591739373222e-16,,-0.9999999999999996,0.9999999999999996,995099,False,2.279249680985231,0.43794977552716785
148,0.37425288278609514,0.70615478977561,0.41833871975541115,nf_pure,0.9968015355431872,0.0006175109894175361,0.722663004050193,-0.0031984644568128218,0.0031984644568128218,1000000,False,9.36679644198739,
148,0.37425288278609514,0.70615478977561,0.41833871975541115,vegas,2.0963146771740445e-13,1.4095120162396451e-13,,-0.9999999999997904,0.9999999999997904,995068,False,2.2272292409907095,0.5528928074273187
149,0.7442196272313595,0.3929170062765479,0.6508108759298921,nf_pure,0.9996391096849202,0.0007619268460664178,0.632530367792513,-0.0003608903150797982,0.0003608903150797982,1000000,True,9.397976392006967,
149,0.7442196272313595,0.3929170062765479,0.6508108759298921,vegas,5.3256064995384276e-11,5.2940452098220534e-11,,-0.9999999999467439,0.9999999999467439,995083,False,2.231167865014868,0.43837805611862146
150,0.9501382457092404,0.816176813095808,0.09972450789064169,nf_pure,0.9982103624571051,0.001029824033965198,0.4844154559546236,-0.0017896375428948508,0.0017896375428948508,1000000,True,9.395417052000994,
150,0.9501382457092404,0.816176813095808,0.09972450789064169,vegas,4.418357420857284e-19,3.665846515376705e-19,,-1.0,1.0,995097,False,2.2368253780005034,0.4766676705640561
151,0.07211915031075478,0.0024459799751639366,0.8281897399574518,nf_pure,0.9991871784301363,0.0016208937159475061,0.2753627927054085,-0.0008128215698637309,0.0008128215698637309,1000000,True,9.367075995978666,
151,0.07211915031075478,0.0024459799751639366,0.8281897399574518,vegas,2.0697479953129907e-11,1.31912936594042e-11,,-0.9999999999793026,0.9999999999793026,995071,False,2.2965242540230975,0.0690539180890816
152,0.05770805478096008,0.6184840966016054,0.032298668287694454,nf_pure,1.0003097858614973,0.0015563935787295635,0.2923240803976453,0.0003097858614973248,0.0003097858614973248,1000000,True,9.384177226980682,
152,0.05770805478096008,0.6184840966016054,0.032298668287694454,vegas,2.9492905472423873e-19,2.8919903561548043e-19,,-1.0,1.0,995103,False,2.3323753839940764,0.4407830934508957
153,0.9357881853356957,0.3047525444999337,0.77256846614182,nf_pure,0.9990672299164333,0.0023764902522499048,0.15018946323060922,-0.0009327700835667363,0.0009327700835667363,1000000,True,9.393018527014647,
153,0.9357881853356957,0.3047525444999337,0.77256846614182,vegas,8.456964301033421e-10,7.405241452828609e-10,,-0.9999999991543036,0.9999999991543036,995099,False,2.3335310570255388,0.4658185072246922
154,0.6336478814482689,0.9780655223876238,0.4799049608409405,nf_pure,1.000227343445137,0.0008297500913687954,0.5923566062694312,0.0002273434451369738,0.0002273434451369738,1000000,True,9.396801208000397,
154,0.6336478814482689,0.9780655223876238,0.4799049608409405,vegas,5.2275503398682984e-08,4.1405312913819384e-08,,-0.9999999477244966,0.9999999477244966,995013,False,2.314850569004193,0.4929537151474267
155,0.26362010184675455,0.16482892725616693,0.7161975214257836,nf_pure,1.0013200667288462,0.0023942713652967827,0.14886644245673544,0.0013200667288462142,0.0013200667288462142,1000000,True,9.393420320004225,
155,0.26362010184675455,0.16482892725616693,0.7161975214257836,vegas,1.5827538363740207e-08,1.1885515581236019e-08,,-0.9999999841724616,0.9999999841724616,995074,False,2.233398718992248,0.5114701861946394
156,0.42957187816500664,0.7853984348475933,0.9968610955402255,nf_pure,1.0090845486675506,0.010528322013504853,0.009102600486444502,0.009084548667550596,0.009084548667550596,1000000,True,9.384340588992927,
156,0.42957187816500664,0.7853984348475933,0.9968610955402255,vegas,2.656026276042662e-11,1.7488332363274027e-11,,-0.9999999999734397,0.9999999999734397,995024,False,2.232359148998512,0.38567387187516566
157,0.5495953680947423,0.09911186899989843,0.19802834652364254,nf_pure,0.9991511653200379,0.0005385455307748126,0.7748788651049938,-0.0008488346799621072,0.0008488346799621072,1000000,True,9.381880352011649,
157,0.5495953680947423,0.09911186899989843,0.19802834652364254,vegas,8.235519187581337e-18,6.7313151456968516e-18,,-1.0,1.0,995087,False,2.269439791998593,0.2929566764903525
158,0.7540764696896076,0.6766609512269497,0.5534361228346825,nf_pure,0.9991188463264864,0.0006347449924324609,0.7124475077325604,-0.0008811536735136016,0.0008811536735136016,1000000,True,9.386246969981585,
158,0.7540764696896076,0.6766609512269497,0.5534361228346825,vegas,3.643058983148235e-11,3.590766037830079e-11,,-0.9999999999635694,0.9999999999635694,995083,False,2.2686572130187415,0.43909665133407794
159,0.12599204946309328,0.4898851504549384,0.2507062451913953,nf_pure,0.9986206996773644,0.0009643246453423531,0.517466399844028,-0.0013793003226355571,0.0013793003226355571,1000000,True,9.387853297987022,
159,0.12599204946309328,0.4898851504549384,0.2507062451913953,vegas,2.0385228146614028e-13,2.0315056167132241e-13,,-0.9999999999997962,0.9999999999997962,995089,False,2.260263619973557,0.4376132594431271
